<?xml version="1.0" encoding="UTF-8"?>
<!-- Product Version: Vivado v2016.4 (64-bit)                     -->
<!--                                                              -->
<!-- Copyright 1986-2016 Xilinx, Inc. All Rights Reserved.        -->

<hwsession version="1" minor="2">
  <device name="xc7a50t_0" gui_info="dashboard1=dashboard_66[xc7a50t_0/XADC=XADC_PLOT_1;]"/>
  <ObjectList object_type="hw_cfgmem" gui_info="">
    <Object name="" gui_info="">
      <Properties Property="PROGRAM.ADDRESS_RANGE" value="use_file"/>
      <Properties Property="PROGRAM.BLANK_CHECK" value="0"/>
      <Properties Property="PROGRAM.CFG_PROGRAM" value="1"/>
      <Properties Property="PROGRAM.CHECKSUM" value="0"/>
      <Properties Property="PROGRAM.ERASE" value="1"/>
      <Properties Property="PROGRAM.FILES" value="$_project_name_.runs/impl_1/try_5_x4_COMP_33.mcs"/>
      <Properties Property="PROGRAM.PRM_FILE" value="$_project_name_.runs/impl_1/try_5_x4_COMP_33.prm"/>
      <Properties Property="PROGRAM.PRM_FILES" value="$_project_name_.runs/impl_1/try_5_x4_COMP_33.prm"/>
      <Properties Property="PROGRAM.UNUSED_PIN_TERMINATION" value="pull-none"/>
      <Properties Property="PROGRAM.VERIFY" value="0"/>
    </Object>
  </ObjectList>
  <ObjectList object_type="hw_device" gui_info="">
    <Object name="xc7a50t_0" gui_info="">
      <Properties Property="PROBES.FILE" value=""/>
      <Properties Property="PROGRAM.HW_BITSTREAM" value="/home/dr/Programs/Xilinx/Vivado/2016.4/data/xicom/cfgmem/bitfile/spi_xc7a50t_pullnone.bit"/>
      <Properties Property="PROGRAM.HW_CFGMEM_PART" value="s25fl032p-spi-x1_x2_x4"/>
    </Object>
  </ObjectList>
  <ObjectList object_type="hw_sysmon" gui_info="">
    <Object name="XADC" gui_info="dashboard_1=[TEMPERATURE=-65281;SCAN_RATE=1000;TRACK_TIME=1;],dashboard_2=[VCCINT=-16711936;VCCAUX=-14336;SCAN_RATE=1000;TRACK_TIME=1;],dashboard_66=[TEMPERATURE=-65281;SCAN_RATE=1000;TRACK_TIME=1;]"/>
  </ObjectList>
  <probeset name="hw project" active="false"/>
</hwsession>
